shipping_id,first_name,last_name,order_id,address_id
1,Shela,Cinderey,60,44
2,Melosa,Tynewell,84,63
3,Jermaine,Shorto,3,99
4,Eldin,Budgen,89,10
5,Arthur,Aronowicz,37,73
6,Nora,Stanbury,49,51
7,Hillie,Kahen,73,33
8,Anya,Ganiclef,42,52
9,Madeleine,Jerke,31,57
10,Francoise,Venard,71,92
11,Ericha,Nortunen,55,48
12,Burl,Sallenger,54,68
13,Hamel,Greir,23,3
14,Walsh,McRannell,29,98
15,Mitch,Miquelet,42,93
16,Emanuele,Kimbley,16,26
17,Renaud,MacNeillie,57,73
18,Charlotte,Budget,78,53
19,Margo,Belchamber,35,60
20,Rozelle,Perche,98,43
21,Trish,Cometto,42,31
22,Shepherd,Eckh,19,66
23,Rosemarie,McMychem,48,94
24,Jacobo,Yendle,21,14
25,Elbert,Burgess,41,93
26,Blinnie,Legen,6,55
27,Lolly,Bridgeman,34,30
28,Kellby,Scholte,90,29
29,Guido,Sachno,93,75
30,Itch,Kick,16,7
31,Eirena,Jolliman,86,26
32,Clair,Whitty,1,44
33,Elsa,Give,44,25
34,Danita,Rediers,22,3
35,Tammie,Toffanini,14,7
36,Eustacia,Bucky,48,90
37,Karita,Trathen,58,32
38,Lenee,Alesbrook,99,93
39,Regan,Joriot,64,21
40,Obadias,Kitchingman,37,5
41,Ilaire,Chidgey,83,89
42,Kelcy,Degg,61,11
43,Madalyn,Lacky,2,43
44,Lisette,Coggill,64,58
45,Edin,Cuell,22,57
46,Hakeem,Furtado,50,91
47,Blake,Crewther,82,41
48,Twyla,Norree,56,33
49,Jacquenetta,Binion,21,88
50,Chloe,McGuckin,67,12
51,Toddy,MacCourt,72,67
52,Nolly,Trivett,97,76
53,Nahum,Greatorex,93,41
54,Prentice,Cratere,1,58
55,Olin,Melsom,21,22
56,Nari,Poll,84,54
57,Drucie,Riccelli,3,36
58,Garold,Tate,59,11
59,Suzie,Faircliffe,56,99
60,Barbe,Cristea,34,39
61,Lavina,Croisier,48,85
62,Ilse,Proudlock,77,94
63,Nettie,Durward,79,35
64,Danielle,Saint,17,18
65,Leonelle,Rolfs,17,33
66,Edythe,McCardle,58,96
67,Leland,Collyear,62,3
68,Dosi,Bartholat,19,54
69,Alameda,Wieprecht,94,8
70,Bobby,Panons,29,18
71,Rivkah,Wharf,10,77
72,Lois,Nannoni,70,47
73,Cyrus,Davage,32,59
74,Ethelin,Creser,93,9
75,Herold,Menco,20,95
76,Louise,Lethieulier,61,100
77,Tracee,Flello,34,9
78,Leeann,Fantone,74,19
79,Roderigo,Maud,26,13
80,Richie,Fairest,29,84
81,Ruddy,Charrington,68,96
82,Liv,Vockings,53,6
83,Johann,Moncreiffe,5,66
84,Emalia,Keerl,10,16
85,Zane,Renac,55,82
86,Elyn,Spenley,53,95
87,Dana,MacCollom,84,22
88,Robin,McClenaghan,57,55
89,Wandis,Pipkin,8,90
90,Faber,Mattis,89,53
91,Amberly,Jindacek,64,59
92,Prescott,Autry,97,23
93,Teddy,Klees,2,3
94,Lonee,Lingard,69,16
95,Tiler,Whisker,51,78
96,Ardra,Gruszecki,89,44
97,Carrissa,Callway,88,59
98,Victor,Thewys,89,83
99,Shel,Stovin,65,96
100,Kaitlyn,Gowing,66,60
